{
	// Place your snippets for cpp here. Each snippet is defined under a snippet name and has a prefix, body and 
	// description. The prefix is what is used to trigger the snippet and the body will be expanded and inserted. Possible variables are:
	// $1, $2 for tab stops, $0 for the final cursor position, and ${1:label}, ${2:another} for placeholders. Placeholders with the 
	// same ids are connected.
	"":{
		"prefix": "",
		"body": [""],
	},

	//MISC
	"Digits":{
		"prefix": "to_digits",
		"body": "Arr<int> to_digits(i64 n){Arr<int> r; while(n)r.pushb(n%10), n/=10; return r;}",
	},
	"Deferer":{
		"prefix": "defer",
		"body": ["struct defer{ defer(auto f):f(f){} ~defer(){f();} function<void()> f; };",
			"#define defer(x) auto _##__COUNTER__ = defer([&](){x;});"],
	},
	"Lambda":{
		"prefix": "lam",
		"body": "[&]($1){return $2;}",
	},
	"Unify":{
		"prefix": "unify",
		"body": "sort($1.begin(),$1.end()),$1.erase(unique($1.begin(),$1.end()),$1.end())",
	},
	"For":{
		"prefix": "for",
		"body": "for(int $1=${2:0};$1<${3:n};$1${4:++})",
	},
	"For Out":{
		"prefix": "foro",
		"body": "int $1=${2:0};for(;$1${3:<}${4:n};$1${5:++})",
	},
	"For Inv":{
		"prefix": "fori",
		"body": "for(int $1=${3:n}-1;$1>=${2:0};$1${4:--})",
	},
	"For Inv Out":{
		"prefix": "forio",
		"body": "int $1=${3:n}-1;for(;$1>=${2:0};$1${4:--})",
	},
	"Repeat":{
		"prefix": "rep",
		"body": "for(int $1=0;$1<${2:n};$1++)"
	},
	"Repeat Out":{
		"prefix": "repo",
		"body": "int $1=0;for(;$1<${2:n};$1++)"
	},
	"Repeat Inv":{
		"prefix": "repi",
		"body": "for(int $1=${2:n}-1;~$1;$1--)"
	},
	"Repeat Inv Out":{
		"prefix": "repio",
		"body": "int $1=${2:n}-1;for(;~$1;$1--)"
	},
	"All Range":{
		"prefix": "all",
		"body": "$1.begin(),$1.end()",
	},

	//Math
	"Log Floor": {
		"prefix": "lgf",
		"body": "int lgf(i64 n, int base=2){int ret=0; while(n)n/=base,ret++; return ret-1;}",
	},
	"Log Ceil": {
		"prefix": "lgc",
		"body": "int lgc(i64 n, int base=2) {int ret=0,rem=0; while(n)rem+=n%base,n/=base,ret++; return ret-(rem<=1);}",
	},
	"Sqrt Floor":{
		"prefix": "sqrt_f",
		"body": "int sqrt_f(i64 n){i64 i=1; while(i*i<=n)i++; return i-1;}",
	},
	"Sqrt Ceil":{
		"prefix": "sqrt_c",
		"body": "int sqrt_c(i64 n){i64 i=1; while(i*i<n)i++; return i;}",
	},
	"Factorials":{
		"prefix": "factorials",
		"body": "Arr<int> factorials(int n){Arr<int>r(n,1); forh(i,1,n)r[i]=r[i-1]*i; return r;}",
	},
	"Binomials":{
		"prefix": "binoms",
		"body": "template<class T, int n, int k>Arr<Arr<T>> binom(){Arr<Arr<T>> r(n, Arr<T>(k));forh(i,1,n){r[i][0]=1;forh(j,1,k)r[i][j]=r[i-1][j-1]+r[i-1][j];}return r;}",
	},
	"Extended GCD":{
		"prefix": "xgcd",
		"body": ["//ax+by=gcd(a,b); (x,y)->(x+t*b/g, y-t*a/g)",
			"tint xgcd(i64 a,i64 b){ if(b)return{a,1,0}; auto[g,x,y]=xgcd(b,a%b); return{g,y,x-(a/b)*y}; }",],
	},
	"Sieve Primes":{
		"prefix": "sieve_primes",
		"body": "Arr<bool> sieve_primes(int n){Arr<bool>s(n,1);s[0]=s[1]=0; for(i64 i=2;i*i<n;i++){if(s[i])continue;for(i64 j=i*i;j<n;j+=i)s[j]=0;}return s;}",
	},
	"Sieve Divs":{
		"prefix": "sieve_divs",
		"body": "Arr<Arr<int>> sieve_divs(int n){Arr<Arr<int>>r(n);forh(i,1,n){for(int j=i;j<n;j+=i)r[j].emplb(i);}return r;}",
	},
	"Divs":{
		"prefix": "divs",
		"body": "Arr<i64> divs(i64 n){ Arr<i64> r,s; for(i64 i=1;i*i<=n;i++) if(n%i==0){r.emplb(i);if(i=n/i)s.emplb(n/i);}reverse(all(s));r.insert(r.end(),all(s));return r;}",
	},
	"Factors":{
		"prefix": "facts",
		"body": "Arr<i64> facts(i64 n){ i64 c=n;Arr<i64> r; for(i64 i=2;i*i<=n;i++) while((c%i)){c/=i;r.emplb(i);} if(c>1)r.emplb(c); return r; }",
	},
	"Primes":{
		"prefix": "primes",
		"body": "Arr<int> primes(int n){auto s=sieve_primes(n);Arr<int>r;rep(i,n)if(s[i])r.emplb(i);return r;}",
	},
	"Euler Totient":{
		"prefix": "eutot",
		"body": "int eutot(int n){int r=1,x=n;for(int i=2;i*i<=n;i++){if(x%i)continue;while(x%i==0)x/=i,r*=i;r=r/i*(i-1);}if(x>1)r*=x-1;return r;}",
	},
}