{
	// Place your snippets for cpp here. Each snippet is defined under a snippet name and has a prefix, body and 
	// description. The prefix is what is used to trigger the snippet and the body will be expanded and inserted. Possible variables are:
	// $1, $2 for tab stops, $0 for the final cursor position, and ${1:label}, ${2:another} for placeholders. Placeholders with the 
	// same ids are connected.

	"Dedup":{
		"prefix": "dedup",
		"body": "sort($1.begin(),$1.end()),$1.erase(unique($1.begin(),$1.end()),$1.end())",
	},
	"For":{
		"prefix": "rep",
		"body": "for(int ${1:i}=${2:0};${1:i}<${3:n};${1:i}${4:++})",
	},
	"For Out":{
		"prefix": "repo",
		"body": "int ${1:i}=${2:0};for(;${1:i}<${3:n};${1:i}${4:++})",
	},
	"For Inv":{
		"prefix": "repi",
		"body": "for(int ${1:i}=${2:n}-1;${1:i}>=${3:0};${1:i}${4:--})",
	},
	"For Inv Out":{
		"prefix": ["repio","repoi"],
		"body": "int ${1:i}=${2:n}-1;for(;${1:i}>=${3:0};${1:i}${4:--})",
	},
	"All Range":{
		"prefix": "all",
		"body": "$1.begin(),$1.end()",
	},
}